AAACCCAAGTACTGTC-1	GR1
AAACCCACAATTCACG-1	GR1
AAACCCACAGTGACCC-1	GR1
AAACCCAGTAGTCGTT-1	GR1
AAACCCAGTGGCTGAA-1	GR1
AAACCCATCGAAATCC-1	GR1
AAACCCATCGATCCCT-1	GR1
AAACGAAAGCAATTAG-1	GR1
AAACGAAAGTCAGCCC-1	GR1
AAACGAACATGCAGCC-1	GR1
AAACGAAGTAATACCC-1	GR1
AAACGAATCCACTGAA-1	GR1
AAACGAATCTTCCACG-1	GR1
AAACGAATCTTGGTCC-1	GR1
AAACGCTCACAGCTTA-1	GR1
AAACGCTCACGGCCAT-1	GR1
AAACGCTCAGGTAGTG-1	GR1
AAACGCTGTGAGCAGT-1	GR1
AAAGAACAGCAAGTCG-1	GR1
AAAGAACAGCAGTCTT-1	GR1
AAAGAACAGGCCATAG-1	GR1
AAAGAACCAATCGAAA-1	GR1
AAAGAACCAGACCAGA-1	GR1
AAAGAACCATCTGGGC-1	GR1
AAAGAACCATCTGTTT-1	GR1
AAAGAACTCACTGGTA-1	GR1
AAAGAACTCCGAGTGC-1	GR1
AAAGGATCATACAGAA-1	GR1
AAAGGATGTACGCTAT-1	GR1
AAAGGATGTGTATACC-1	GR1
AAAGGATGTTTGGAGG-1	GR1
AAAGGATTCACTGGGC-1	GR1
AAAGGATTCTGAGAAA-1	GR1
AAAGGATTCTTGATTC-1	GR1
AAAGGGCCAGGGAATC-1	GR1
AAAGGGCTCAGAATAG-1	GR1
AAAGGGCTCATTCGTT-1	GR1
AAAGGGCTCTTAGCAG-1	GR1
AAAGGTAAGCCGCACT-1	GR1
AAAGGTACATAGGTTC-1	GR1
AAAGGTAGTAAGGAGA-1	GR1
AAAGGTAGTCGCATCG-1	GR1
AAAGGTAGTGTCTAAC-1	GR1
AAAGGTAGTTGCTCAA-1	GR1
AAAGTCCCACTGTCCT-1	GR1
AAAGTCCGTAGCGCCT-1	GR1
AAAGTCCGTGGCACTC-1	GR1
AAAGTCCTCGATCCCT-1	GR1
AAAGTGAAGCTGGCTC-1	GR1
AAAGTGACAAAGGCTG-1	GR1
AAAGTGACACGAGGTA-1	GR1
AAAGTGAGTGAGAACC-1	GR1
AAAGTGATCAGCTAGT-1	GR1
AAAGTGATCGTGGCGT-1	GR1
AAATGGAAGCGCCTAC-1	GR1
AAATGGACAAAGGGCT-1	GR1
AAATGGACACAGTCGC-1	GR1
AAATGGACACTAGGTT-1	GR1
AAATGGAGTACTCGTA-1	GR1
AAATGGAGTATTGACC-1	GR1
AAATGGAGTGATTCTG-1	GR1
AACAAAGAGAAACTCA-1	GR1
AACAAAGAGTTAACAG-1	GR1
AACAAAGCAAGCAATA-1	GR1
AACAAAGCATAATGCC-1	GR1
AACAAAGGTTACGGAG-1	GR1
AACAAAGGTTCTCAGA-1	GR1
AACAAAGTCACAAGGG-1	GR1
AACAAAGTCGGCTCTT-1	GR1
AACAAAGTCTCGTGGG-1	GR1
AACAAAGTCTGGCCGA-1	GR1
AACAACCAGGTATCTC-1	GR1
AACAACCGTAGTTCCA-1	GR1
AACAACCTCAGGAAGC-1	GR1
AACAACCTCCCAAGTA-1	GR1
AACAACCTCCGCAACG-1	GR1
AACAACCTCTTCCAGC-1	GR1
AACAAGAAGCATACTC-1	GR1
AACAAGAAGGAATGTT-1	GR1
AACAAGACAAAGGCGT-1	GR1
AACAAGACACATTCTT-1	GR1
AACAAGACAGAAGTGC-1	GR1
AACAAGACAGAGTGAC-1	GR1
AACAAGACATGACTTG-1	GR1
AACAAGACATTCCTAT-1	GR1
AACAAGATCACCTTGC-1	GR1
AACACACCAGGTCCCA-1	GR1
AACACACTCCGTGGCA-1	GR1
AACACACTCGACACTA-1	GR1
AACACACTCTCTTAAC-1	GR1
AACAGGGCAACTACGT-1	GR1
AACAGGGCACGACCTG-1	GR1
AACAGGGTCCACCTCA-1	GR1
AACCAACAGGAAAGGT-1	GR1
AACCAACCATCTTCGC-1	GR1
AACCAACGTATCGTTG-1	GR1
AACCAACGTGTCTAAC-1	GR1
AACCACAAGCGACCCT-1	GR1
AACCACACATGTGGTT-1	GR1
AACCACAGTGTTATCG-1	GR1
AACCACAGTTTCGTTT-1	GR1
AACCACATCAGGAGAC-1	GR1
AACCATGAGGAAACGA-1	GR1
AACCATGGTCGCACAC-1	GR1
AACCATGGTGTTACAC-1	GR1
AACCCAACAACTAGAA-1	GR1
AACCCAACAGATCACT-1	GR1
AACCCAACAGCCCAGT-1	GR1
AACCCAAGTACTCGAT-1	GR1
AACCCAAGTTTACTTC-1	GR1
AACCCAATCTATTCGT-1	GR1
AACCTGAAGAGTGAAG-1	GR1
AACCTGAAGCTCCGAC-1	GR1
AACCTGAAGGACGGAG-1	GR1
AACCTGACATACATCG-1	GR1
AACCTGACATAGTCAC-1	GR1
AACCTGACATGGGTTT-1	GR1
AACCTGAGTCCGTTTC-1	GR1
AACCTGATCGCCAGTG-1	GR1
AACCTTTAGGTGCATG-1	GR1
AACCTTTCACCTGCAG-1	GR1
AACCTTTCATTGGCAT-1	GR1
AACCTTTGTATCGCGC-1	GR1
AACCTTTTCATAAGGA-1	GR1
AACCTTTTCCATCAGA-1	GR1
AACCTTTTCGTCAGAT-1	GR1
AACGAAACAACATCGT-1	GR1
AACGAAACATTGACCA-1	GR1
AACGAAAGTTGTGTTG-1	GR1
AACGAAATCACTAGCA-1	GR1
AACGAAATCCCATGGG-1	GR1
AACGAAATCTACAGGT-1	GR1
AACGGGAAGCCATATC-1	GR1
AACGGGAAGCTGACAG-1	GR1
AACGGGAAGGTAAGAG-1	GR1
AACGGGAAGTATGATG-1	GR1
AACGGGACACTACCCT-1	GR1
AACGGGAGTGCTATTG-1	GR1
AACGGGAGTTCGAACT-1	GR1
AACGTCAAGGGCAGGA-1	GR1
AACGTCAAGGGTATAT-1	GR1
AACGTCACACCTCTAC-1	GR1
AACGTCACAGAGGTAC-1	GR1
AACGTCAGTACAACGG-1	GR1
AACGTCAGTACGTAGG-1	GR1
AACGTCAGTCCAGCGT-1	GR1
AACGTCAGTTCGGTCG-1	GR1
AACGTCAGTTGTATGC-1	GR1
AACGTCATCCGCCTAT-1	GR1
AACGTCATCGATTCCC-1	GR1
AACTTCTAGAGTGTTA-1	GR1
AACTTCTAGCCTAGGA-1	GR1
AACTTCTAGCTACTGT-1	GR1
AACTTCTCATTGGCAT-1	GR1
AACTTCTGTTATGTGC-1	GR1
AACTTCTTCCTGGTCT-1	GR1
AACTTCTTCTCCAATT-1	GR1
AAGAACAAGGGAGTGG-1	GR1
AAGAACACACATAACC-1	GR1
AAGAACACAGCAGTTT-1	GR1
AAGAACATCGCCATAA-1	GR1
AAGAACATCGCTAGCG-1	GR1
AAGACAAAGATAGCTA-1	GR1
AAGACAAAGTGCACTT-1	GR1
AAGACAACAACTTGGT-1	GR1
AAGACAACATCCGAAT-1	GR1
AAGACAAGTACGACTT-1	GR1
AAGACAAGTACGCTAT-1	GR1
AAGACAAGTCTAGTGT-1	GR1
AAGACAATCCAACTGA-1	GR1
AAGACAATCCACACCT-1	GR1
AAGACAATCCATTCAT-1	GR1
AAGACTCAGACCACGA-1	GR1
AAGACTCAGATACCAA-1	GR1
AAGACTCGTAGGAGTC-1	GR1
AAGACTCGTCCGTACG-1	GR1
AAGACTCTCTCCCATG-1	GR1
AAGATAGAGACCAAAT-1	GR1
AAGATAGAGCCAAGGT-1	GR1
AAGATAGAGTCATGGG-1	GR1
AAGATAGTCATTGTTC-1	GR1
AAGATAGTCCTCACGT-1	GR1
AAGATAGTCTTCTCAA-1	GR1
AAGCCATAGAGCAAGA-1	GR1
AAGCCATAGCTAGATA-1	GR1
AAGCCATAGGCGTTAG-1	GR1
AAGCCATAGTGGCAGT-1	GR1
AAGCCATCACGACAAG-1	GR1
AAGCCATCACGCAAAG-1	GR1
AAGCCATGTCGCGGTT-1	GR1
AAGCCATGTGACACAG-1	GR1
AAGCCATGTGCCTATA-1	GR1
AAGCCATTCATCAGTG-1	GR1
AAGCCATTCCAGTACA-1	GR1
AAGCGAGCAAAGGCTG-1	GR1
AAGCGAGCAACCACGC-1	GR1
AAGCGAGCAACGTAAA-1	GR1
AAGCGAGCACATTCGA-1	GR1
AAGCGAGGTCCTCCTA-1	GR1
AAGCGAGGTGTCGCTG-1	GR1
AAGCGAGTCCCGAAAT-1	GR1
AAGCGAGTCGTCTCAC-1	GR1
AAGCGAGTCGTGCTCT-1	GR1
AAGCGTTGTTAGGGTG-1	GR1
AAGCGTTGTTCGGTCG-1	GR1
AAGCGTTTCCTAAGTG-1	GR1
AAGCGTTTCTGGTTGA-1	GR1
AAGGAATAGAGAGTTT-1	GR1
AAGGAATAGGTGAGCT-1	GR1
AAGGAATAGGTTGAGC-1	GR1
AAGGAATCAAATCCCA-1	GR1
AAGGAATCATAGCACT-1	GR1
AAGGAATCATGAAAGT-1	GR1
AAGGAATGTAGAGTTA-1	GR1
AAGGAATGTTCCAAAC-1	GR1
AAGGAATTCAACTTTC-1	GR1
AAGGAATTCCCAGTGG-1	GR1
AAGGAATTCGCAGTCG-1	GR1
AAGGAATTCTCGCGTT-1	GR1
AAGGAATTCTGCATAG-1	GR1
AAGGTAAAGTGACACG-1	GR1
AAGGTAACAATCAGCT-1	GR1
AAGGTAACAATTTCCT-1	GR1
AAGGTAACATGACGAG-1	GR1
AAGGTAATCTAGCCTC-1	GR1
AAGTACCAGAGCGACT-1	GR1
AAGTACCAGCCATCCG-1	GR1
AAGTACCCACTGTGAT-1	GR1
AAGTACCGTGGAGGTT-1	GR1
AAGTACCTCGACGACC-1	GR1
AAGTACCTCGATGCAT-1	GR1
AAGTCGTAGTATGGAT-1	GR1
AAGTCGTAGTGCGCTC-1	GR1
AAGTCGTAGTTACGGG-1	GR1
AAGTCGTCAAGTGTCT-1	GR1
AAGTCGTGTCACTACA-1	GR1
AAGTCGTGTCGGTACC-1	GR1
AAGTCGTGTTACAGCT-1	GR1
AAGTCGTTCAAGTAAG-1	GR1
AAGTCGTTCATGCCAA-1	GR1
AAGTCGTTCTGCCCTA-1	GR1
AAGTGAAAGCCTCAAT-1	GR1
AAGTGAAGTTGCATGT-1	GR1
AAGTGAATCCACAGGC-1	GR1
AAGTTCGAGCAGCCCT-1	GR1
AAGTTCGCATAGATCC-1	GR1
AAGTTCGGTTCCATTT-1	GR1
AAGTTCGTCCCTCTTT-1	GR1
AAGTTCGTCGGCACTG-1	GR1
AAGTTCGTCTGCATAG-1	GR1
AATAGAGAGCATTGAA-1	GR1
AATAGAGAGCTCCATA-1	GR1
AATAGAGCAAGGTTGG-1	GR1
AATAGAGCAATGAAAC-1	GR1
AATAGAGGTAGATGTA-1	GR1
AATAGAGGTGATAGAT-1	GR1
AATCACGAGCCTCTGG-1	GR1
AATCACGCATTGACCA-1	GR1
AATCACGGTGCACATT-1	GR1
AATCACGGTTTGTTCT-1	GR1
AATCACGTCGATTTCT-1	GR1
AATCACGTCTCTATAC-1	GR1
AATCGACAGAAGCTCG-1	GR1
AATCGACAGAGAGCAA-1	GR1
AATCGACAGGACTATA-1	GR1
AATCGACCACCCTTGT-1	GR1
AATCGACCATACCATG-1	GR1
AATCGACGTCATATGC-1	GR1
AATCGACGTTGCGAAG-1	GR1
AATCGACGTTGTCATG-1	GR1
AATCGACTCCAACCAA-1	GR1
AATCGACTCCCATGGG-1	GR1
AATCGTGAGGGCCAAT-1	GR1
AATCGTGGTATCTTCT-1	GR1
AATCGTGTCATGCAGT-1	GR1
AATCGTGTCGGACCAC-1	GR1
AATGAAGAGAATCGCG-1	GR1
AATGAAGAGAGTGACC-1	GR1
AATGAAGAGCTGTTCA-1	GR1
AATGAAGCAGGAGACT-1	GR1
AATGAAGGTCCACACG-1	GR1
AATGAAGTCAAGGTGG-1	GR1
AATGAAGTCCCGAGGT-1	GR1
AATGAAGTCCGAGCTG-1	GR1
AATGAAGTCTGTCCCA-1	GR1
AATGAAGTCTTCTCAA-1	GR1
AATGACCAGCAACCAG-1	GR1
AATGACCAGCGGTAAC-1	GR1
AATGACCAGGCCACTC-1	GR1
AATGACCGTCTGTAAC-1	GR1
AATGACCTCCACATAG-1	GR1
AATGCCAAGATTGAGT-1	GR1
AATGCCAAGCGCTGCT-1	GR1
AATGCCACAATCTGCA-1	GR1
AATGCCACACATAACC-1	GR1
AATGCCACACCTGTCT-1	GR1
AATGCCACATATGAAG-1	GR1
AATGCCAGTCAGACTT-1	GR1
AATGGAACACAGTCCG-1	GR1
AATGGAAGTGGTATGG-1	GR1
AATGGAATCAAACCTG-1	GR1
AATGGAATCATTGAGC-1	GR1
AATGGAATCCCGTTCA-1	GR1
AATGGAATCCGCTAGG-1	GR1
AATGGAATCTTAGCAG-1	GR1
AATGGCTAGATGACAT-1	GR1
AATGGCTCACAAGTTC-1	GR1
AATGGCTCACCCTTGT-1	GR1
AATGGCTGTGCTATTG-1	GR1
AATGGCTTCAAATGAG-1	GR1
AATTCCTAGCGCCTTG-1	GR1
AATTCCTAGTATTAGG-1	GR1
AATTCCTCAAATACGA-1	GR1
AATTCCTGTACGTGTT-1	GR1
AATTCCTGTCGCTTAA-1	GR1
AATTCCTGTTAGAAAC-1	GR1
AATTCCTGTTCATCTT-1	GR1
AATTCCTTCCGGCAGT-1	GR1
AATTTCCCATAGTCGT-1	GR1
AATTTCCGTAATTGGA-1	GR1
AATTTCCGTTTGAAAG-1	GR1
AATTTCCTCACTGAAC-1	GR1
ACAAAGACACGACGTC-1	GR1
ACAAAGACAGCTTCGG-1	GR1
ACAAAGAGTACGTGAG-1	GR1
ACAAAGAGTCTCAGAT-1	GR1
ACAAAGAGTGTGCCTG-1	GR1
ACAACCACAATAGGGC-1	GR1
ACAACCACACCATATG-1	GR1
ACAACCACATCCGTTC-1	GR1
ACAACCATCACTGATG-1	GR1
ACAACCATCTCGGTCT-1	GR1
ACAAGCTAGCTGTGCC-1	GR1
ACAAGCTAGGTAAGTT-1	GR1
ACAAGCTAGTGAGCCA-1	GR1
ACAAGCTAGTGATAGT-1	GR1
ACAAGCTGTCGCTTGG-1	GR1
ACAAGCTTCACTGCTC-1	GR1
ACACAGTAGCCGCTTG-1	GR1
ACACAGTGTTGCCGCA-1	GR1
ACACAGTTCACTGTTT-1	GR1
ACACAGTTCCGTGGTG-1	GR1
ACACAGTTCTCGTTTA-1	GR1
ACACCAAAGATGGTCG-1	GR1
ACACCAAAGCTTCTAG-1	GR1
ACACCAACACAAATAG-1	GR1
ACACCAACAGCGAGTA-1	GR1
ACACCAACATAATCGC-1	GR1
ACACCAAGTTCAGCTA-1	GR1
ACACCAATCTTAGCCC-1	GR1
ACACGCGAGATTAGCA-1	GR1
ACACGCGCACCAGACC-1	GR1
ACACGCGCACTGCGAC-1	GR1
ACACGCGGTTTCGGCG-1	GR1
ACACGCGTCCTACGGG-1	GR1
ACACGCGTCGAACCAT-1	GR1
ACACGCGTCTAAGAAG-1	GR1
ACACGCGTCTACGCAA-1	GR1
ACACTGAAGCAGGGAG-1	GR1
ACACTGAAGTTGGCGA-1	GR1
ACACTGACACGCGCAT-1	GR1
ACACTGAGTTGAGAGC-1	GR1
ACAGAAAAGCGTCTGC-1	GR1
ACAGAAAAGGTGCCTC-1	GR1
ACAGAAACACTGGATT-1	GR1
ACAGAAAGTAGGTTTC-1	GR1
ACAGAAATCCTTGAAG-1	GR1
ACAGAAATCGTGCTCT-1	GR1
ACAGCCGAGTACTGGG-1	GR1
ACAGCCGCACTGTCCT-1	GR1
ACAGCCGCAGATTCGT-1	GR1
ACAGCCGGTGGGAGAG-1	GR1
ACAGCCGGTTCATCTT-1	GR1
ACAGCCGGTTGCTCCT-1	GR1
ACAGCCGTCTTCCACG-1	GR1
ACAGGGAAGGTAGTAT-1	GR1
ACAGGGACAGCTGTTA-1	GR1
ACAGGGACATGACGAG-1	GR1
ACAGGGACATGGAACG-1	GR1
ACAGGGAGTATTGCCA-1	GR1
ACAGGGATCGATGCTA-1	GR1
ACAGGGATCGTTGTTT-1	GR1
ACATCCCAGACCACGA-1	GR1
ACATCCCCAACCGACC-1	GR1
ACATCCCCACAAGTTC-1	GR1
ACATCCCTCCTAACAG-1	GR1
ACATCGAGTACGTGTT-1	GR1
ACATCGAGTGGGTATG-1	GR1
ACATCGAGTGTCTAAC-1	GR1
ACATCGATCCACGGAC-1	GR1
ACATCGATCGACCATA-1	GR1
ACATCGATCGTTCGCT-1	GR1
ACATGCAAGAGTGGCT-1	GR1
ACATGCACACTTCAGA-1	GR1
ACATGCAGTAACAGGC-1	GR1
ACATGCAGTGATACCT-1	GR1
ACATGCAGTGATACTC-1	GR1
ACATGCAGTGCATTTG-1	GR1
ACATGCATCCCTCGAT-1	GR1
ACATTTCAGTACCATC-1	GR1
ACATTTCAGTCTGGAG-1	GR1
ACATTTCCAAGCGAGT-1	GR1
ACATTTCCACCTATCC-1	GR1
ACATTTCCAGGTTCGC-1	GR1
ACATTTCGTACCGGCT-1	GR1
ACATTTCGTGAGGAAA-1	GR1
ACATTTCGTTCTGACA-1	GR1
ACATTTCGTTTCGTGA-1	GR1
ACCAAACAGGAAAGTG-1	GR1
ACCAAACAGGGAACAA-1	GR1
ACCAAACAGTCGCCAC-1	GR1
ACCAAACCACGCGTGT-1	GR1
ACCAAACCACGGAAGT-1	GR1
ACCAAACTCTACTGAG-1	GR1
ACCAACAAGACATGCG-1	GR1
ACCAACAGTGTTACTG-1	GR1
ACCAACATCGAAGCCC-1	GR1
ACCAACATCGCGTTTC-1	GR1
ACCACAAAGTGATAAC-1	GR1
ACCACAACAGACCTGC-1	GR1
ACCACAAGTAAGTTGA-1	GR1
ACCACAAGTAGCGTCC-1	GR1
ACCACAATCGTACACA-1	GR1
ACCACAATCTTGAGCA-1	GR1
ACCATTTCAGTGACCC-1	GR1
ACCATTTGTAACGATA-1	GR1
ACCATTTGTGCCTGCA-1	GR1
ACCCAAACAACACTAC-1	GR1
ACCCAAACAAGCCCAC-1	GR1
ACCCAAACACTTTATC-1	GR1
ACCCAAACAGGACATG-1	GR1
ACCCAAAGTCGTTGCG-1	GR1
ACCCAAATCGGATTAC-1	GR1
ACCCAAATCTATACGG-1	GR1
ACCCTCACAAATGAAC-1	GR1
ACCCTCACAAATTAGG-1	GR1
ACCCTCACAGCTATAC-1	GR1
ACCCTCAGTCAGTCCG-1	GR1
ACCCTCATCCCATACC-1	GR1
ACCCTTGAGAGTTGTA-1	GR1
ACCCTTGAGGTCACCC-1	GR1
ACCCTTGAGGTGGTTG-1	GR1
ACCCTTGAGGTTCATC-1	GR1
ACCCTTGGTCGTTGGC-1	GR1
ACCCTTGTCCGAGTGC-1	GR1
ACCGTTCAGGATCATA-1	GR1
ACCGTTCCATCCCGTT-1	GR1
ACCGTTCTCTAGGAAA-1	GR1
ACCGTTCTCTCCCTAG-1	GR1
ACCTACCAGAGTCTGG-1	GR1
ACCTACCAGGGACAGG-1	GR1
ACCTACCTCGGTCAGC-1	GR1
ACCTGAAAGCGATGGT-1	GR1
ACCTGAAAGTCTAACC-1	GR1
ACCTGAAAGTGTCATC-1	GR1
ACCTGAATCACCTCGT-1	GR1
ACCTGAATCCGTACGG-1	GR1
ACCTGAATCGCCTCTA-1	GR1
ACCTGTCAGTAAGCAT-1	GR1
ACCTGTCCATCTTCGC-1	GR1
ACCTGTCGTAACATAG-1	GR1
ACCTGTCGTCAGGCAA-1	GR1
ACCTGTCGTGACCTGC-1	GR1
ACCTGTCGTGTATTCG-1	GR1
ACGATCAAGTCCCTAA-1	GR1
ACGATCACATATCGGT-1	GR1
ACGATCAGTAGCTTGT-1	GR1
ACGATCATCGGACAAG-1	GR1
ACGATGTCAGATTCGT-1	GR1
ACGATGTGTACAGGTG-1	GR1
ACGATGTTCCAACACA-1	GR1
ACGCACGCACTTGGGC-1	GR1
ACGCACGCAGGGTTGA-1	GR1
ACGCACGGTGTCCTAA-1	GR1
ACGGAAGAGAATACAC-1	GR1
ACGGAAGCAAGTTTGC-1	GR1
ACGGAAGCACATCCCT-1	GR1
ACGGAAGCACGGTGCT-1	GR1
ACGGAAGCAGTCAGTT-1	GR1
ACGGAAGTCCCTCTTT-1	GR1
ACGGAAGTCTGTACAG-1	GR1
ACGGGTCCAAGAGATT-1	GR1
ACGGGTCGTAACTTCG-1	GR1
ACGGGTCGTCGAGCAA-1	GR1
ACGGGTCTCGCAGTTA-1	GR1
ACGGTCGAGACGGTTG-1	GR1
ACGGTCGCAAGCCATT-1	GR1
ACGGTCGGTCCCTGTT-1	GR1
ACGGTTAAGACCATGG-1	GR1
ACGGTTAAGCACTCCG-1	GR1
ACGGTTAAGCTAGATA-1	GR1
ACGGTTAAGCTTCATG-1	GR1
ACGGTTAAGGTGCCAA-1	GR1
ACGGTTACACTAACCA-1	GR1
ACGGTTACAGGTCCCA-1	GR1
ACGGTTACAGGTTTAC-1	GR1
ACGGTTATCACCCTGT-1	GR1
ACGGTTATCCTTCGAC-1	GR1
ACGTAACAGACGCATG-1	GR1
ACGTAACCACTCGATA-1	GR2
ACGTAACCATATGCGT-1	GR2
ACGTAACTCAATCGGT-1	GR2
ACGTAACTCGTCCATC-1	GR2
ACGTAACTCTGTGCGG-1	GR2
ACGTACAAGCCTGGAA-1	GR2
ACGTACAAGTCATAGA-1	GR2
ACGTACACACCTGAAT-1	GR2
ACGTACAGTGCAATGG-1	GR2
ACGTACATCTCGTTTA-1	GR2
ACGTAGTAGACCATAA-1	GR2
ACGTAGTAGGTTCACT-1	GR2
ACGTAGTCACGGCTAC-1	GR2
ACGTAGTCACGGTAGA-1	GR2
ACGTAGTGTTTCGACA-1	GR2
ACGTAGTTCAGATGCT-1	GR2
ACGTAGTTCTCGTGGG-1	GR2
ACGTCCTCAAGTCATC-1	GR2
ACGTCCTCAGGCTTGC-1	GR2
ACGTCCTCAGGGATAC-1	GR2
ACGTCCTGTCCCGGTA-1	GR2
ACGTCCTTCATAGCAC-1	GR2
ACGTCCTTCCGTACGG-1	GR2
ACGTCCTTCTTCCACG-1	GR2
ACGTTCCCAGGATGAC-1	GR2
ACGTTCCCATTCCTCG-1	GR2
ACGTTCCCATTCGATG-1	GR2
ACGTTCCGTAGGCTCC-1	GR2
ACGTTCCTCGCTATTT-1	GR2
ACTACGAAGCAGCGAT-1	GR2
ACTACGAAGGGTGGGA-1	GR2
ACTACGAAGGTGCATG-1	GR2
ACTACGACAAGATGTA-1	GR2
ACTACGATCGTTCATT-1	GR2
ACTATCTAGCAGGGAG-1	GR2
ACTATCTCAACCGTAT-1	GR2
ACTATCTCACCTAAAC-1	GR2
ACTATCTCATTACGGT-1	GR2
ACTATCTGTCACTGAT-1	GR2
ACTATCTTCCGGTAGC-1	GR2
ACTATGGAGGGTATAT-1	GR2
ACTATGGCAACATCGT-1	GR2
ACTATGGGTATCGTGT-1	GR2
ACTATTCAGACAAGCC-1	GR2
ACTATTCAGCAGCGAT-1	GR2
ACTATTCAGCTTCATG-1	GR2
ACTATTCCAAATTGGA-1	GR2
ACTATTCCACGTATAC-1	GR2
ACTATTCGTCACCACG-1	GR2
ACTATTCGTGGTCCCA-1	GR2
ACTATTCGTTCAACGT-1	GR2
ACTATTCTCCGCGGAT-1	GR2
ACTATTCTCCGTGGCA-1	GR2
ACTCCCAAGAAGCTGC-1	GR2
ACTCCCAAGCCTCACG-1	GR2
ACTCCCAAGTCATCGT-1	GR2
ACTCCCACAAGCAATA-1	GR2
ACTCCCACAAGCACAG-1	GR2
ACTCCCACACCAGTTA-1	GR2
ACTCCCAGTATACCCA-1	GR2
ACTCCCAGTTCGCGTG-1	GR2
ACTCCCATCAAGCCGC-1	GR2
ACTCCCATCCTTTAGT-1	GR2
ACTCTCGCATTAAGCC-1	GR2
ACTGATGCAATTCGTG-1	GR2
ACTGATGCACAATGCT-1	GR2
ACTGATGCATCCGTGG-1	GR2
ACTGATGGTTATGTCG-1	GR2
ACTGATGTCTCCTACG-1	GR2
ACTGCAACAGAAACCG-1	GR2
ACTGCAACAGCTGTAT-1	GR2
ACTGCAACATCCTAAG-1	GR2
ACTGCAACATGACGTT-1	GR2
ACTGCAACATTCAGGT-1	GR2
ACTGCAAGTCATGCAT-1	GR2
ACTGCAAGTCCCAAAT-1	GR2
ACTGCAATCCAGTTCC-1	GR2
ACTGCAATCTCTTAAC-1	GR2
ACTGTCCAGAATCGAT-1	GR2
ACTGTCCAGATGAACT-1	GR2
ACTGTCCGTACTCGAT-1	GR2
ACTGTCCGTCGACGCT-1	GR2
ACTGTCCGTTTAAGGA-1	GR2
ACTGTCCTCATGCCAA-1	GR2
ACTGTCCTCCGTGTGG-1	GR2
ACTGTGACACCTCGTT-1	GR2
ACTGTGAGTGCCTATA-1	GR2
ACTGTGAGTTGGGATG-1	GR2
ACTGTGATCCATCAGA-1	GR2
ACTGTGATCTGCTTAT-1	GR2
ACTTAGGAGCATTTGC-1	GR2
ACTTAGGAGTCACTGT-1	GR2
ACTTAGGGTACGCTTA-1	GR2
ACTTAGGTCGCAGATT-1	GR2
ACTTAGGTCGCTACAA-1	GR2
ACTTATCAGCTACGTT-1	GR2
ACTTATCCAGTTGGTT-1	GR2
ACTTATCCATACCATG-1	GR2
ACTTATCCATGTACGT-1	GR2
ACTTATCGTTCAGTAC-1	GR2
ACTTATCTCCCGGTAG-1	GR2
ACTTATCTCCGGCAGT-1	GR2
ACTTCCGAGCCATTGT-1	GR2
ACTTCCGCATCCGTGG-1	GR2
ACTTCCGTCGAAGAAT-1	GR2
ACTTCGCAGCCAACCC-1	GR2
ACTTCGCCATCACGGC-1	GR2
ACTTCGCCATCAGCAT-1	GR2
ACTTCGCGTAGCCAGA-1	GR2
ACTTCGCGTGGATTTC-1	GR2
ACTTTCAAGATTAGCA-1	GR2
ACTTTCAAGCTCTATG-1	GR2
ACTTTCAGTTCATCTT-1	GR2
ACTTTCATCGTGGGAA-1	GR2
ACTTTCATCTCCTGTG-1	GR2
ACTTTGTAGAAACTAC-1	GR2
ACTTTGTAGAGATCGC-1	GR2
ACTTTGTAGATCGACG-1	GR2
ACTTTGTGTGCAGGAT-1	GR2
ACTTTGTGTTTCGTGA-1	GR2
ACTTTGTTCAGCTTCC-1	GR2
AGAAATGAGGATAATC-1	GR2
AGAAATGGTATCGATC-1	GR2
AGAAATGGTCCTGGTG-1	GR2
AGAAATGGTGGAAGTC-1	GR2
AGAAATGTCCGCCTAT-1	GR2
AGAAATGTCGGACTGC-1	GR2
AGAACAACAACGGCTC-1	GR2
AGAACAACACTAACCA-1	GR2
AGAACAACAGGAATCG-1	GR2
AGAACAACATCCTAAG-1	GR2
AGAACAAGTGTCGATT-1	GR2
AGAACAAGTTCAGCTA-1	GR2
AGAACCTAGCATGCGA-1	GR2
AGAACCTGTCGTACAT-1	GR2
AGAACCTTCTGAGATC-1	GR2
AGAACCTTCTGCCCTA-1	GR2
AGAAGCGAGCCAGACA-1	GR2
AGAAGCGGTGGTATGG-1	GR2
AGAAGCGTCCAAGAGG-1	GR2
AGAAGCGTCGTAGCCG-1	GR2
AGAAGCGTCTTGAGCA-1	GR2
AGAAGTAAGACATCCT-1	GR2
AGAAGTACAATTGTGC-1	GR2
AGAAGTACAGCATTGT-1	GR2
AGAAGTACATATGAAG-1	GR2
AGAAGTAGTCATTCCC-1	GR2
AGACAAAAGGCGTCCT-1	GR2
AGACAAACATCAGCGC-1	GR2
AGACAAAGTGCCTTCT-1	GR2
AGACAAATCTGTACAG-1	GR2
AGACACTAGCCAGAGT-1	GR2
AGACACTAGTACCGGA-1	GR2
AGACACTGTATAGCTC-1	GR2
AGACACTGTGCCTTCT-1	GR2
AGACACTTCAGCCTTC-1	GR2
AGACACTTCTCAGTCC-1	GR2
AGACACTTCTGCCTGT-1	GR2
AGACAGGAGTTCCGGC-1	GR2
AGACAGGCAGCATTGT-1	GR2
AGACAGGGTTAGGAGC-1	GR2
AGACAGGTCCGATTAG-1	GR2
AGACAGGTCTCGCTTG-1	GR2
AGACCATAGATAGTCA-1	GR2
AGACCATAGCTCTATG-1	GR2
AGACCATAGGTCGTAG-1	GR2
AGACCATAGTATCCTG-1	GR2
AGACCATAGTTTCGGT-1	GR2
AGACCATCATTGAGCT-1	GR2
AGACCCGAGGCTTCCG-1	GR2
AGACCCGAGTTCACTG-1	GR2
AGACCCGGTATTCCTT-1	GR2
AGACTCAAGCTAAGTA-1	GR2
AGACTCAAGGAGAATG-1	GR2
AGACTCACAATGGCCC-1	GR2
AGACTCACACTGTTCC-1	GR2
AGACTCACATAACAGA-1	GR2
AGACTCACATCGGCCA-1	GR2
AGACTCACATCGTCCT-1	GR2
AGACTCACATGGAACG-1	GR2
AGACTCAGTCAAGTTC-1	GR2
AGAGAATAGAGTCGAC-1	GR2
AGAGAATGTCCGGATC-1	GR2
AGAGAATGTCCGGTCA-1	GR2
AGAGAATTCACCATGA-1	GR2
AGAGAGCAGTCACTGT-1	GR2
AGAGAGCCATCTGTTT-1	GR2
AGAGAGCCATGTGACT-1	GR2
AGAGCAGAGTATTGCC-1	GR2
AGAGCAGAGTGGCGAT-1	GR2
AGAGCAGGTGCCTTCT-1	GR2
AGAGCAGGTTCCAGGC-1	GR2
AGAGCAGGTTTGAAAG-1	GR2
AGAGCAGTCAAGATAG-1	GR2
AGAGCAGTCCCAGGCA-1	GR2
AGAGCCCAGGACTATA-1	GR2
AGAGCCCAGTTGTCGT-1	GR2
AGAGCCCTCCATGAGT-1	GR2
AGATAGAAGTGCTAGG-1	GR2
AGATAGACAATTTCTC-1	GR2
AGATAGACACGTTGGC-1	GR2
AGATAGAGTTATAGAG-1	GR2
AGATCCAAGCTCCACG-1	GR2
AGATCCACAATGAGCG-1	GR2
AGATCCACACCACATA-1	GR2
AGATCCACACTAACGT-1	GR2
AGATCCACAGCAAGAC-1	GR2
AGATCCACAGGTGGAT-1	GR2
AGATCCATCATCTATC-1	GR2
AGATCCATCCGCAACG-1	GR2
AGATCCATCTGCCCTA-1	GR2
AGATCCATCTGGACTA-1	GR2
AGATCGTAGCGTTCAT-1	GR2
AGATCGTAGTCTGCAT-1	GR2
AGATCGTAGTTAACAG-1	GR2
AGATCGTCATAGAAAC-1	GR2
AGATCGTGTATCACGT-1	GR2
AGATCGTGTCACGTGC-1	GR2
AGATCGTGTCCTATAG-1	GR2
AGATCGTGTCTCAGGC-1	GR2
AGATCGTGTCTTCGAA-1	GR2
AGATCGTGTGGCACTC-1	GR2
AGATCGTGTGTTACTG-1	GR2
AGATCGTGTTGTGTTG-1	GR2
AGATCGTTCCTATTGT-1	GR2
AGATCGTTCTTGGTGA-1	GR2
AGATGAAAGCAGGGAG-1	GR2
AGATGAACACTATCCC-1	GR2
AGATGAAGTATGAGCG-1	GR2
AGATGAAGTGTTTGCA-1	GR2
AGATGAAGTTCAAGTC-1	GR2
AGATGAATCCGCTGTT-1	GR2
AGATGAATCTGAGGCC-1	GR2
AGATGAATCTTCGACC-1	GR2
AGATGCTAGGTCGTCC-1	GR2
AGATGCTCAACACAAA-1	GR2
AGATGCTGTGTCCACG-1	GR2
AGATGCTTCCGCATAA-1	GR2
AGATGCTTCTAGCCAA-1	GR2
AGCATCAAGAAGTCAT-1	GR2
AGCATCAGTCGCGGTT-1	GR2
AGCCAATGTAACCCGC-1	GR2
AGCCAATGTACGAAAT-1	GR2
AGCCAATTCGAGCCTG-1	GR2
AGCCAATTCGTTCGCT-1	GR2
AGCCACGAGATTACCC-1	GR2
AGCCACGAGCTGTTCA-1	GR2
AGCCACGCACACCTAA-1	GR2
AGCCACGGTAGAGATT-1	GR2
AGCCACGTCCAGTACA-1	GR2
AGCCACGTCGAGTACT-1	GR2
